{"pano2_rotation_relative_to_pano1": 359.4950182443965, "pano2_coordinates_relative_to_pano1": [[-0.031601658405017746, 3.58984120205676]], "covisibility_score": 0.7734375, "spatial_overlap": 0.8244572038549681, "joint_visible_layout": [[2.4038661920272766, 4.743199289462192], [2.379431167421957, 3.2952959371318333], [1.9655940638104428, 3.3022799114372066], [1.96330918332782, 3.1668887602556617], [4.282594112385141, 2.6238123279309575], [4.127188649935607, 2.6264349728006233], [4.122461583357414, 2.3463314879134396], [1.1692976879887031, 2.394925721337662], [1.1541636210647344, 1.4897064017495854], [1.1806729339269824, 1.4880152428223377], [1.1657030463304066, 1.4690503092109664], [1.5445505695709463, 0.7908961275323828], [0.6414525013311179, 0.804891896698169], [0.6312331840497285, 0.23981468328744796], [1.1321839477939255, 0.23011552302207966], [1.1053676189725234, -1.3588925923717454], [-1.147043486943575, -1.3208805795493601], [-1.0395649205341395, 5.047788129464461], [1.993134464710539, 4.996607859745681], [1.9889760677958874, 4.75020103469455]], "vanishing_angle_pano1": 0.9668400116248114, "vanishing_angle_pano2": 0.46185825602139663, "ceiling_height": 1.6960807376993638}